,abs_pointbiserial,mutual_info,rf_importance,et_importance,gb_importance,perm_importance,shap_importance,abs_pointbiserial_rank,mutual_info_rank,rf_importance_rank,et_importance_rank,gb_importance_rank,perm_importance_rank,shap_importance_rank,avg_rank
is_exact_dup,0.39864586056220536,0.057185330347223395,0.0842214374881678,0.08585060141900878,0.0830155429794372,0.034351054351054386,0.23804183670744855,6.5,21.0,1.0,2.0,5.0,1.0,7.0,6.214285714285714
absdiff_Sensor_S1_Sensor_S2,0.5728682378922524,0.15525546323653905,0.08034798857332996,0.06362906375444491,0.43387699999185536,0.0,0.7440103780469969,1.0,4.0,2.0,4.0,1.0,42.0,1.0,7.857142857142857
abs_residual_Sensor_S2,0.553396019756353,0.13113921596141265,0.05341193129919039,0.09090709907754936,0.0024505982664044554,0.0,0.2715443998013653,2.0,10.0,6.0,1.0,12.0,42.0,4.0,11.0
sensor_mad,0.48717357890849494,0.1404120584959141,0.07189760864092981,0.0399790718734875,0.008251125749112909,0.0,0.18254613631708408,4.0,8.0,3.0,7.0,9.0,42.0,8.0,11.571428571428571
abs_residual_Sensor_S1,0.5004365575961754,0.13000746821446518,0.057410798041533734,0.049776043915224326,0.0402085223845865,0.0,0.081778007866096,3.0,11.0,5.0,5.0,6.0,42.0,9.0,11.571428571428571
abs_residual_Sensor_S3,0.4317403473901021,0.08058402117383001,0.03144402336301665,0.041135428446246236,0.17004289468368744,0.0,0.2562436766707983,5.0,18.0,10.0,6.0,2.0,42.0,5.0,12.571428571428571
dup_group_size,0.39864586056220536,0.04397251530677937,0.06921983372283462,0.07622182738729272,0.09941633591387378,0.0,0.24775563064816372,6.5,24.0,4.0,3.0,4.0,42.0,6.0,12.785714285714286
ratio_Sensor_S1_Sensor_S3,0.16720866584735306,0.1881830620601712,0.03636111416385155,0.024855765502152675,0.011819051130225782,0.0,0.28764436546995753,18.0,1.0,9.0,14.0,7.0,42.0,2.0,13.285714285714286
miss_pattern_code,0.24678572218740719,0.03808618943873654,0.03830134143647515,0.037438975704250727,0.12650785616543928,0.0,0.2749583591083526,12.0,27.0,8.0,8.0,3.0,42.0,3.0,14.714285714285714
Sensor_S1_dev_from_median,0.26320555439046744,0.1638014146622686,0.039807081148217766,0.02874914653726781,6.423199439311149e-05,0.0,0.044515088375220266,10.0,3.0,7.0,12.0,23.0,42.0,11.0,15.428571428571429
absdiff_Sensor_S1_Sensor_S3,0.35321691236386515,0.11408304469333141,0.01983750943753154,0.026935361455701443,0.0017704632951920751,0.0,0.0560524476766337,8.0,14.0,16.0,13.0,13.0,42.0,10.0,16.571428571428573
isolation_score,0.26071357647015314,0.053595237912911875,0.02390385539633453,0.015060393668200604,0.0001251224265586074,0.0,0.011051416378815834,11.0,22.0,13.0,23.0,21.0,42.0,12.0,20.571428571428573
absdiff_Sensor_S2_Sensor_S3,0.2427372946820022,0.0721054729121684,0.012636588590129236,0.016770448142531934,0.00845140706535689,0.0,0.0026425445343067617,13.0,19.0,23.0,20.0,8.0,42.0,20.0,20.714285714285715
Sensor_S3_dev_from_median,0.2924130132346744,0.1424320602882556,0.030226216839095373,0.02265572949845079,2.551461000538399e-06,0.0,0.0040508750268794325,9.0,7.0,11.0,16.0,42.0,42.0,18.0,20.714285714285715
ratio_Sensor_S2_Sensor_S3,0.16772394190093343,0.12712117596183425,0.012578077613917675,0.013215544874100127,0.0005226188400302796,0.0,0.004848567360428172,17.0,13.0,24.0,25.0,18.0,42.0,15.0,22.0
sensor_min,0.18790726016653472,0.06097531264914369,0.006115126406023191,0.015088408689151352,0.001152868326164227,0.0,0.0048010867655413035,16.0,20.0,27.0,22.0,15.0,42.0,17.0,22.714285714285715
diff_Sensor_S1_Sensor_S3,0.013538341124283197,0.15122740814429103,0.027137845056580467,0.03489181347357913,4.5852762767326105e-06,0.0,0.005730021218225451,69.0,6.0,12.0,9.0,39.0,42.0,13.0,27.142857142857142
Sensor_S2_dev_from_median,0.14599330696324092,0.10222272875432292,0.02258501221360799,0.012994841039962514,1.5128055919234076e-06,0.0,0.00026915134350429345,19.0,16.0,14.0,26.0,45.0,42.0,30.0,27.428571428571427
ratio_Sensor_S1_Sensor_S2,0.06359695727168642,0.1526233503393719,0.016998998200949564,0.012451686887632301,7.987131188645288e-06,0.0,0.000434886088679063,35.0,5.0,19.0,27.0,37.0,42.0,28.0,27.571428571428573
residual_Sensor_S3,0.043482318145465,0.09352012418331013,0.011331789221986242,0.015325273051653356,0.0034618747053169504,0.0,0.00024215892219914023,45.0,17.0,25.0,21.0,11.0,42.0,32.0,27.571428571428573
diff_Sensor_S1_Sensor_S2,0.055218011058355214,0.16504697246619782,0.015614447248207852,0.03154010835382412,4.911166824080746e-05,0.0,1.2909696905055882e-05,41.0,2.0,20.0,10.0,26.0,42.0,57.0,28.285714285714285
residual_Sensor_S2,0.03949743864780602,0.12828152746062305,0.017930030710483283,0.029580274009439873,0.00021814232184766215,0.0,1.1122799327747483e-05,47.0,12.0,17.0,11.0,19.0,42.0,58.0,29.428571428571427
diff_Sensor_S2_Sensor_S3,0.04924974548756542,0.11386749550345177,0.020176558173577875,0.021030744208920097,1.5239620157755748e-06,0.0,8.412382453346465e-05,44.0,15.0,15.0,17.0,44.0,42.0,41.0,31.142857142857142
residual_Sensor_S1,0.039848050377018614,0.1312804843031714,0.014859546286685444,0.024177670923264335,2.1560561568218413e-09,0.0,2.042996634955552e-05,46.0,9.0,21.0,15.0,63.0,42.0,53.0,35.57142857142857
V_over_I,0.026282647173501098,0.002673870557258873,0.0048827547288319804,0.0036774363207445746,0.0053053052506858624,0.0,0.004845809675407475,62.0,64.0,34.0,36.0,10.0,42.0,16.0,37.714285714285715
I_over_V,0.030397546068955398,0.002789956876446009,0.004437436165031861,0.00418538664955136,0.0005828856006108027,0.0,0.005291018333969583,56.0,63.0,39.0,35.0,17.0,42.0,14.0,38.0
sensor_median,0.10197555169754174,0.014818344726809762,0.0038562196584330647,0.003038898449604931,6.5615272397112704e-09,0.0,0.0006178635101863598,24.5,35.5,42.0,40.0,60.0,42.0,26.0,38.57142857142857
sensor_trimmed_mean,0.10197555169754174,0.014818344726809762,0.0030116541550832825,0.004252251141504826,6.387543075601257e-08,0.0,0.00024536117138024743,24.5,35.5,51.0,34.0,54.0,42.0,31.0,38.857142857142854
Sensor_S2,0.030115443900690292,0.03978927418495859,0.002537322217831407,0.009262923123552001,1.849601183143491e-05,0.0,7.167435519783094e-05,57.0,26.0,54.0,28.0,31.0,42.0,42.0,40.0
ratio_Sensor_S1_Sensor_S4,0.03580302371894986,0.016949835106151223,0.0033574967137676255,0.0020075416588765157,5.9455769648933546e-05,0.0,9.654996196428095e-05,51.0,34.0,47.0,45.0,24.0,42.0,38.0,40.142857142857146
I_squared,0.013099305865218432,0.02884369509056306,0.0033153196211060786,0.0018057115587707367,0.0006388152820490051,0.0,0.0003571988368077203,70.0,31.0,48.0,48.0,16.0,42.0,29.0,40.57142857142857
V_squared,0.001242467496604544,0.009763951119738712,0.003374797833378522,0.004791476768220785,0.00014440414418213755,0.0,0.002334175189296808,81.0,44.0,45.0,33.0,20.0,42.0,21.0,40.857142857142854
ratio_Sensor_S3_Sensor_S4,0.027644560732935947,0.03738450814232741,0.004212402289556859,0.0014095261655535148,5.842840728554587e-06,0.0,0.002022189329890712,61.0,28.0,41.0,57.0,38.0,42.0,22.0,41.285714285714285
sensor_std,0.08500637819238761,0.0070228197245274515,0.005585947748755522,0.00306935625762522,1.0931233270779733e-09,0.0,6.744240005516171e-05,26.0,51.0,28.0,39.0,64.0,42.0,43.0,41.857142857142854
miss_Sensor_S3,0.21344252139563813,0.010283118706435834,0.006299865196351517,0.01755267069074636,0.0,0.0,0.0,14.0,41.0,26.0,18.0,77.0,42.0,75.5,41.92857142857143
sensor_range,0.10879094385617734,0.014750272134792741,0.004649934528633817,0.0020585896831155593,2.4958968458687606e-08,0.0,1.6423910961848305e-05,23.0,37.0,36.0,44.0,57.0,42.0,55.0,42.0
Load_Current_A,0.01824912107661229,0.029309291603012877,0.0023817862949314598,0.00124090366624114,0.0014729336604401239,0.0,0.0008460684369942339,68.0,29.0,57.0,63.0,14.0,42.0,24.0,42.42857142857143
n_sensors_missing,0.13030636185421848,0.009920021520507305,0.014783577049776677,0.01695687375323931,0.0,0.0,0.0,20.5,43.0,22.0,19.0,77.0,42.0,75.5,42.714285714285715
sensor_mean,0.06974569944135037,0.0036149494011719074,0.0020876647798136498,0.0031303622444190386,1.731951019805328e-05,0.0,0.0001421563684771919,32.0,61.0,60.0,38.0,33.0,42.0,36.0,43.142857142857146
n_sensors_available,0.13030636185421848,0.0052390914169646585,0.017207324639846276,0.014435996141698144,0.0,0.0,0.0,20.5,55.0,18.0,24.0,77.0,42.0,75.5,44.57142857142857
sensor_var,0.06952047817114815,0.0070253940055426956,0.003383214276455416,0.001649184331241115,2.989060988889354e-06,0.0,2.579001821839869e-05,33.0,50.0,44.0,51.0,41.0,42.0,51.0,44.57142857142857
miss_Sensor_S1,0.19750995034655983,0.008606465939752006,0.005159303970305444,0.007612069955360251,1.3010600942478931e-16,0.0,0.0,15.0,49.0,30.0,30.0,71.0,42.0,75.5,44.642857142857146
Sensor_S3,0.011107561289263055,0.04844399440013003,0.004518519731980841,0.0036204904825128514,5.945067354640792e-09,0.0,2.8885766838500016e-05,72.0,23.0,37.0,37.0,61.0,42.0,48.0,45.714285714285715
Sensor_S2_minus_ambient,0.020598140638965805,0.012388037811727148,0.0008364624325167056,0.0054316495326296845,0.00011135890073049777,0.0,2.2648898858180233e-05,65.0,38.0,75.0,32.0,22.0,42.0,52.0,46.57142857142857
sensor_max,0.05834299846821487,0.0289111119847425,0.004422541708313734,0.002336404253740977,1.949554489773049e-08,0.0,0.0,40.0,30.0,40.0,42.0,58.0,42.0,75.5,46.785714285714285
T_I_interact,0.032541460545442845,0.010039883129155491,0.001733403720883695,0.0010730087614668831,9.747482653850802e-06,0.0,0.0011673060924273582,54.0,42.0,66.0,68.0,36.0,42.0,23.0,47.285714285714285
V_t_interact,0.05256420320017867,0.00915710272260517,0.002078706132964121,0.0011352669356181006,2.473878040696021e-06,0.0,0.00021441624210657558,42.0,46.0,61.0,66.0,43.0,42.0,33.0,47.57142857142857
Sensor_S4,0.03283236962648136,0.02508909897889855,0.0044965224398785695,0.0014051238746626874,1.0986491756662885e-06,0.0,2.3436619470818008e-06,53.0,32.0,38.0,58.0,46.0,42.0,65.0,47.714285714285715
diff_Sensor_S3_Sensor_S4,0.0371384029211559,0.004361340936734459,0.0030212250888162024,0.001277354431343527,2.348170818650869e-05,0.0,2.656619265879077e-05,49.0,56.0,50.0,61.0,29.0,42.0,50.0,48.142857142857146
Sensor_S3_minus_ambient,0.00907145710830066,0.012124246041273157,0.0050280605699161394,0.0015535989243589774,3.1926663081446825e-09,0.0,0.0001366112546421844,74.0,39.0,32.0,53.0,62.0,42.0,37.0,48.42857142857143
ratio_Sensor_S2_Sensor_S4,0.008824277845139342,0.021973572670694885,0.005311999267224163,0.0016790056530556119,2.471238685036225e-10,0.0,6.372540229386775e-05,75.0,33.0,29.0,50.0,66.0,42.0,44.0,48.42857142857143
Applied_Voltage_kV,0.009406214135779575,0.009616635814743368,0.0027445086699099965,0.002968300725672668,1.030138880138978e-10,0.0,0.002938013898448888,73.0,45.0,53.0,41.0,67.0,42.0,19.0,48.57142857142857
Sensor_S1,0.0066181434220074775,0.04299379904634271,0.004846789671794191,0.009242937961410479,5.254806404384852e-10,0.0,0.0,78.0,25.0,35.0,29.0,65.0,42.0,75.5,49.92857142857143
Test_Duration_min,0.062691648780712,2.787668057524506e-05,0.0020570693309624076,0.0011971023563065288,2.506452442117762e-07,0.0,0.0005766640265121966,36.0,66.0,62.0,65.0,52.0,42.0,27.0,50.0
residual_Sensor_S4,0.03701741152324285,0.011336661532548753,0.0033972116239733867,0.0006861968346797846,6.967107165065583e-07,0.0,8.41079633252473e-06,50.0,40.0,43.0,76.0,49.0,42.0,61.0,51.57142857142857
sqrt_t,0.06238447302431563,0.00027729197513015613,0.001577591482921374,0.0008035937865648309,1.1747885107790852e-05,0.0,9.247584586762463e-05,37.0,65.0,69.0,75.0,35.0,42.0,39.0,51.714285714285715
I_t_interact,0.030061065248660472,0.0,0.0015449807485641413,0.0012264274169572907,1.9427454932499457e-05,0.0,0.000638495456506453,58.0,74.5,70.0,64.0,30.0,42.0,25.0,51.92857142857143
Sensor_S4_minus_ambient,0.02930632293689209,0.008882177620310072,0.0024314957031830063,0.0016247585078721333,7.311219178852151e-07,0.0,1.0766134784574123e-05,60.0,48.0,55.0,52.0,48.0,42.0,60.0,52.142857142857146
sensor_cv,0.07889268765448734,0.009013461942219525,0.003125635955015163,0.0014279907967537778,0.0,0.0,2.183251063530244e-06,31.0,47.0,49.0,55.0,77.0,42.0,66.0,52.42857142857143
max_dev_from_median,0.025614782720757474,0.0038384265470099432,0.0033716798371140524,0.0013861904889061116,4.060837788413766e-07,0.0,4.205033645872802e-05,63.0,59.0,46.0,59.0,51.0,42.0,47.0,52.42857142857143
T_t_interact,0.050959647740258705,0.0,0.0013636730634580393,0.001692383478630959,3.228168241270912e-05,0.0,7.699635509027091e-06,43.0,74.5,71.0,49.0,27.0,42.0,62.0,52.642857142857146
diff_Sensor_S1_Sensor_S4,0.03300664355782677,0.004282338571931055,0.0019496921617833316,0.0011104485929066825,4.921757276669807e-05,0.0,4.7242291637704294e-06,52.0,57.0,64.0,67.0,25.0,42.0,63.0,52.857142857142854
log1p_t,0.06094592270809752,0.0,0.0017140806547628624,0.00039847363410011773,1.7592525129164142e-05,0.0,9.197972021026554e-05,39.0,74.5,67.0,78.0,32.0,42.0,40.0,53.214285714285715
absdiff_Sensor_S3_Sensor_S4,0.038642493835157596,0.004135133887476883,0.0017790973889578903,0.0009946454744932558,3.6517505600374593e-06,0.0,1.9872646068818035e-05,48.0,58.0,65.0,70.0,40.0,42.0,54.0,53.857142857142854
I2t,0.02002071106906236,0.0,0.0009523141624010456,0.0013626066031319508,2.8251932939070572e-05,0.0,0.00021163755949999243,67.0,74.5,74.0,60.0,28.0,42.0,34.0,54.214285714285715
abs_residual_Sensor_S4,0.012924546340346855,0.0,0.004959773450440704,0.000980206804239539,8.230330911294904e-09,0.0,0.00016670461563628863,71.0,74.5,33.0,71.0,59.0,42.0,35.0,55.07142857142857
Sensor_S4_dev_from_median,0.000933720738033952,0.0029323570798343024,0.00504603465284715,0.0010092014722962275,1.4372884097940594e-05,0.0,2.579494873940813e-07,82.0,62.0,31.0,69.0,34.0,42.0,68.0,55.42857142857143
miss_Sensor_S4,0.06798026248868824,0.0055292699001208145,0.00042158020001571846,0.006299882580035119,0.0,0.0,0.0,34.0,54.0,76.0,31.0,77.0,42.0,75.5,55.642857142857146
absdiff_Sensor_S1_Sensor_S4,0.03251428481535914,0.003801949951484307,0.002358801569894278,0.002216913734327278,8.35416064584635e-11,0.0,4.166583604443914e-06,55.0,60.0,58.0,43.0,68.0,42.0,64.0,55.714285714285715
Sensor_S1_minus_ambient,0.006175532280856905,0.005815170940801639,0.0028357802557884924,0.0018123146826085513,1.5105544023629628e-13,0.0,1.4191536736912907e-05,79.0,53.0,52.0,47.0,70.0,42.0,56.0,57.0
Power_VI,0.008160040325904462,0.0,0.0016967892157953074,0.0014123857316554972,4.926392774492067e-07,0.0,5.127562430314439e-05,76.5,74.5,68.0,56.0,50.0,42.0,45.0,58.857142857142854
V_I_interact,0.008160040325904462,0.0,0.002088111511403022,0.0009467436749166231,9.527334255490618e-07,0.0,4.859450767059808e-05,76.5,74.5,59.0,72.0,47.0,42.0,46.0,59.57142857142857
miss_Sensor_S2,0.11380367167055637,0.0,0.00012656712375819232,0.0014666651804954968,0.0,0.0,0.0,22.0,74.5,79.0,54.0,77.0,42.0,75.5,60.57142857142857
diff_Sensor_S2_Sensor_S4,0.02029907942735128,0.0,0.0011102867810259542,0.0018865995515971589,8.395915777753404e-13,0.0,1.1053655412646848e-05,66.0,74.5,73.0,46.0,69.0,42.0,59.0,61.357142857142854
zero_Sensor_S3,0.08043106192813242,0.0,0.00013298664942704163,0.0,0.0,0.0,2.841249612137323e-05,29.0,74.5,78.0,81.5,77.0,42.0,49.0,61.57142857142857
neg_Sensor_S2,0.08043106192813243,0.00676260182090993,0.0,8.854553297299146e-05,0.0,0.0,0.0,28.0,52.0,81.5,80.0,77.0,42.0,75.5,62.285714285714285
absdiff_Sensor_S2_Sensor_S4,0.020828311260965952,0.0,0.001218628676630291,0.0012713638850149378,2.6522256943769006e-08,0.0,5.89066784996065e-07,64.0,74.5,72.0,62.0,56.0,42.0,67.0,62.5
Energy_VIt,0.029952349627214773,0.0,0.002023951608728108,0.0006309588184176281,3.276169020930387e-08,0.0,0.0,59.0,74.5,63.0,77.0,55.0,42.0,75.5,63.714285714285715
Ambient_Temperature_C,0.004222554336545636,0.0,0.002417755022507705,0.000933599056691826,1.9433093220351768e-07,0.0,0.0,80.0,74.5,56.0,73.0,53.0,42.0,75.5,64.85714285714286
zero_Sensor_S1,0.08043106192813239,0.0,2.216940800261493e-18,0.00019140597130019117,0.0,0.0,0.0,30.0,74.5,80.0,79.0,77.0,42.0,75.5,65.42857142857143
n_sensors_outside_consensus,0.061079070069137306,0.0,0.00038091059389475866,0.0008207733622526686,0.0,0.0,0.0,38.0,74.5,77.0,74.0,77.0,42.0,75.5,65.42857142857143
zero_Sensor_S2,0.08043106192813244,0.0,0.0,0.0,0.0,0.0,0.0,27.0,74.5,81.5,81.5,77.0,42.0,75.5,65.57142857142857
