,abs_correlation,mutual_info,rf_importance,et_importance,gb_importance,perm_importance,shap_importance,abs_correlation_rank,mutual_info_rank,rf_importance_rank,et_importance_rank,gb_importance_rank,perm_importance_rank,shap_importance_rank,avg_rank
I_squared,0.9155065185905858,1.016371263216,0.4112431856151245,0.44180774752985275,0.4684951892382574,0.2584306091718728,3.4679724257708755,1.0,1.0,2.0,1.0,1.0,2.0,1.0,1.2857142857142858
Load_Current_A,0.8664494637142477,1.0106624102428023,0.4613676445541183,0.2666087716712241,0.39243878864193554,0.30646737188845047,3.104214952486237,2.0,2.0,1.0,2.0,2.0,1.0,2.0,1.7142857142857142
T_I_interact,0.8636617517040563,0.7812837382808211,0.020982681174785203,0.10840401638435238,0.036652737318183234,0.03623164320422852,1.915768846816904,3.0,4.0,4.0,3.0,3.0,3.0,3.0,3.2857142857142856
Sensor_S2,0.7017667871471761,0.8933357884321613,0.033532291049939794,0.010516156222003184,0.027665481110923366,0.03537383538745239,0.5263987647749148,6.0,3.0,3.0,6.0,4.0,4.0,4.0,4.285714285714286
Power_VI,0.8067587195040584,0.775276634147009,0.0035905065387142393,0.0476557017390019,0.008472091990640598,0.0017309507931103306,0.3166459842744562,4.5,6.0,11.0,4.0,7.0,13.0,5.0,7.214285714285714
V_I_interact,0.8067587195040584,0.7753694982721311,0.0039807914866136175,0.0417755052109143,0.004423982744038448,0.0018118743871418097,0.24030097790382332,4.5,5.0,8.0,5.0,9.0,12.0,8.0,7.357142857142857
Sensor_S3,0.4724546675180788,0.495457915770813,0.004082901366463522,0.002227162924970055,0.007549918125789701,0.002655567270473591,0.30688502166980913,14.0,12.0,7.0,21.0,8.0,8.0,6.0,10.857142857142858
sensor_min,0.6075327704355081,0.684054513315981,0.0021048697906286325,0.004959938374451415,0.002167478345039021,0.0012401471456803814,0.04380889647371727,8.0,7.0,15.0,9.0,13.0,15.0,17.0,12.0
sensor_median,0.5739381373972343,0.5525597048641826,0.0016053223814316382,0.004462566956513592,0.0016497153720432727,0.0012101622510025222,0.05831609301119939,10.5,8.0,18.0,11.0,16.0,16.0,14.0,13.357142857142858
Ambient_Temperature_C,0.20624849699519893,0.060351713572480925,0.007302980711312802,0.009581716400924933,0.01070150264428997,0.00712958873745565,0.24389379928830035,25.0,40.0,6.0,7.0,6.0,6.0,7.0,13.857142857142858
Sensor_S1_dev_from_median,0.17422502240522245,0.5378657675090626,0.013524149483722691,0.0009814293583126,0.012922886322651012,0.011725423052916583,0.21213376148017182,35.0,10.0,5.0,29.0,5.0,5.0,9.0,14.0
Sensor_S1,0.534351087962729,0.5260827939037407,0.0021051021077979006,0.0033543461839853255,0.0011374864550660144,0.001052787423117274,0.1046638732656856,13.0,11.0,14.0,17.0,19.0,18.0,10.0,14.571428571428571
sensor_trimmed_mean,0.5739381373972343,0.5525525661695427,0.0013688522229200015,0.0050083526870679,0.00016015961798051018,0.0006992625988620049,0.07145445262068356,10.5,9.0,21.0,8.0,38.0,21.0,12.0,17.071428571428573
V_squared,0.2565705466663362,0.2804845675545504,0.0007890083359715065,0.0034210924851450185,0.0011339509056055089,0.00018498751711965022,0.034161145680874846,23.0,18.0,25.0,16.0,20.0,29.0,21.0,21.714285714285715
Energy_VIt,0.5772124286721498,0.3293455389610944,0.00034092683242936553,0.0006577487533999444,0.001132144676821098,0.00018451402418175888,0.10333491808861568,9.0,15.0,37.0,34.0,21.0,30.0,11.0,22.428571428571427
Sensor_S2_minus_ambient,0.14614469833756857,0.03337073180581385,0.0022976973683620262,0.0034410396619584103,0.0014578091931596445,0.002098466456407855,0.030060214805623285,38.0,53.0,13.0,15.0,17.0,11.0,23.0,24.285714285714285
I2t,0.6952862201431617,0.4256869052827592,0.0002684316068042606,0.004342450634042946,0.0002871049665530899,0.0001285590734072417,0.02502161617464022,7.0,13.0,42.0,12.0,33.0,39.0,25.0,24.428571428571427
Applied_Voltage_kV,0.26308833503785656,0.27731149057887183,0.0002601053558407265,0.003617155801613987,0.0004193418186759313,0.00011548940506149741,0.07133252958105281,22.0,19.0,44.0,14.0,29.0,42.0,13.0,26.142857142857142
isolation_score,0.14400551074966916,0.1839682176952966,0.0006213828138172401,0.0006415547325672941,0.0008789095594770999,0.0002929165673801193,0.034551039690656773,39.0,34.0,26.0,35.0,22.0,26.0,20.0,28.857142857142858
residual_Sensor_S2,0.06121186841243473,0.03453255225999596,0.0013939896301491932,0.002635427571862456,0.0017999671990253034,0.0010526543592380255,0.01828382003448102,54.0,50.0,20.0,19.0,14.0,19.0,27.0,29.0
abs_residual_Sensor_S1,0.005251509171298265,0.027965181725436494,0.002475495410660213,0.0012626006897606052,0.0025111691028982313,0.00241546081544427,0.030482482764646525,77.0,56.0,12.0,23.0,11.0,9.0,22.0,30.0
dup_group_size,0.006276730203246157,0.0,0.0038801151787831085,0.004481338014874987,0.0034390507812426044,0.002411517422835818,0.03880638690730234,75.0,77.5,9.0,10.0,10.0,10.0,19.0,30.071428571428573
is_exact_dup,0.0062767302032461485,0.0,0.0037055502104890166,0.0038239946419001843,0.002342098918849707,0.0030720143091687137,0.052138315724620465,76.0,77.5,10.0,13.0,12.0,7.0,15.0,30.071428571428573
Sensor_S3_minus_ambient,0.09379345868940417,0.046316453968150206,0.0009786907154470915,0.0021951901071314943,0.0008600038231192592,0.0004026607015913841,0.009387055961850676,46.0,46.0,23.0,22.0,23.0,24.0,34.0,31.142857142857142
residual_Sensor_S1,0.002485209873415716,0.06164016314042131,0.0015583240568311394,0.0012562047275945579,0.0017145948379498446,0.0010939699832432591,0.013828933072459608,81.0,39.0,19.0,24.0,15.0,17.0,31.0,32.285714285714285
absdiff_Sensor_S1_Sensor_S3,0.10630553164326549,0.24728102298619525,0.00026336606696823,0.0006788695730903603,0.0006186999935100503,6.804224058030162e-05,0.04359469789179176,42.0,21.0,43.0,33.0,24.0,49.0,18.0,32.857142857142854
Sensor_S1_minus_ambient,0.07406662585272346,0.018192322592655685,0.0017361786111819474,0.003064173065702171,0.00030331176617168817,0.001369293850127118,0.0037319538020347052,49.0,60.0,16.0,18.0,32.0,14.0,42.0,33.0
T_t_interact,0.0684715445200323,0.007820029460056332,0.0016090791999619721,0.000709098387562298,0.00043932738000900066,0.0006589197567658412,0.04458074229312178,51.0,65.0,17.0,32.0,28.0,22.0,16.0,33.0
abs_residual_Sensor_S2,0.07231720454000194,0.027103114410341966,0.001061045176120757,0.0009436849510307966,0.000516640051282659,0.0009890522437763117,0.01338006403324271,50.0,58.0,22.0,30.0,26.0,20.0,32.0,34.0
I_over_V,0.4430460551055684,0.3370843064977427,0.0002016154314062886,0.0022455470319193067,7.048945939238895e-05,7.288344591178663e-05,0.000509383033610337,15.0,14.0,49.0,20.0,46.0,47.0,51.0,34.57142857142857
V_t_interact,0.13160786289907822,0.08305728501864706,0.0003123552667382584,0.0003225220639178662,0.00039727757567215006,0.0001329109856193056,0.025143495023493227,41.0,38.0,39.0,42.0,30.0,38.0,24.0,36.0
abs_residual_Sensor_S3,0.03639143001177044,0.014276206239652645,0.0004563891975617217,0.0009952788628521175,0.00047915520780664476,0.00020459224497033636,0.02095109245403102,60.0,61.0,29.0,28.0,27.0,28.0,26.0,37.0
I_t_interact,0.5383883265545264,0.1998405919196875,0.00018652513062778292,0.00026766848671204327,7.35580218835511e-05,0.00011808704238890355,0.004982718562495119,12.0,32.0,51.0,43.0,45.0,40.0,38.0,37.285714285714285
ratio_Sensor_S1_Sensor_S3,0.0203533069555714,0.2454423741349867,0.0004007046527785245,0.0003337804919048856,0.000528231307358758,0.00011401137384463578,0.01280626554229842,66.0,22.0,33.0,41.0,25.0,43.0,33.0,37.57142857142857
Sensor_S3_dev_from_median,0.012998357525160481,0.2431582838396249,0.00035961435750718305,0.0003360584285348527,0.0002607480436458669,0.00013635664556437276,0.014964925283918877,70.0,24.0,36.0,40.0,35.0,35.0,29.0,38.42857142857143
sensor_mean,0.4072733698108393,0.09992740163397418,0.0005093019034926424,0.00018237115630058694,3.0037674581648185e-05,0.00017376560331358037,0.0021311633696904577,19.0,36.0,28.0,57.0,57.0,31.0,43.0,38.714285714285715
abs_residual_Sensor_S4,0.0652740539333683,0.0,0.0008662057381898906,0.0011601817692113569,0.00022719683082825733,0.0005213102749049292,0.004663060410309429,52.0,77.5,24.0,26.0,36.0,23.0,39.0,39.642857142857146
residual_Sensor_S3,0.014783374189009477,0.011564686752995712,0.0005571881035555528,0.0011560709979331662,0.000396312243950886,0.00025010036400899824,0.008401269020546972,69.0,63.0,27.0,27.0,31.0,27.0,35.0,39.857142857142854
V_over_I,0.41679826989698177,0.3206938131331887,0.00016423061544105203,0.0012174735792839801,0.0001513410671905077,4.407546018578845e-05,0.0,16.0,16.0,55.0,25.0,39.0,58.0,70.5,39.92857142857143
ratio_Sensor_S1_Sensor_S4,0.323220865555932,0.20366689274709504,0.00021661098000918248,0.000340863263679392,4.255027068148543e-05,5.4930488353810425e-05,0.003926293048083201,20.0,31.0,46.0,39.0,54.0,54.0,41.0,40.714285714285715
diff_Sensor_S1_Sensor_S2,0.2200642380910965,0.2606225363996266,0.00020239359296449815,0.00020231409023331606,7.1691116822068144e-06,8.587207717252188e-05,0.006335042459043676,24.0,20.0,48.0,53.0,65.0,45.0,37.0,41.714285714285715
residual_Sensor_S4,0.0031142126856109403,0.0,0.00043181991499680327,0.0007948153593840584,0.0014094099225550392,0.00030734690431263314,0.014422624710456888,80.0,77.5,31.0,31.0,18.0,25.0,30.0,41.785714285714285
absdiff_Sensor_S2_Sensor_S3,0.09194976988881774,0.21125261684954122,0.00044068706868361553,0.00023713319205075496,4.407878060485642e-05,0.00016906063634886115,0.000357733212120064,47.0,29.0,30.0,50.0,52.0,32.0,53.0,41.857142857142854
ratio_Sensor_S2_Sensor_S4,0.41651259810943286,0.28827538512701345,0.00021488820791653142,0.00017691374705094937,6.574719994144866e-05,7.654855500512924e-05,0.0,17.0,17.0,47.0,58.0,47.0,46.0,70.5,43.214285714285715
ratio_Sensor_S3_Sensor_S4,0.2850155149337886,0.18539448045274387,0.0001939746779817567,0.00024303129170423485,4.953041729763664e-05,5.971459527719381e-05,0.000220501309769429,21.0,33.0,50.0,49.0,51.0,51.0,56.0,44.42857142857143
diff_Sensor_S2_Sensor_S3,0.09544094757437524,0.23710986281658109,0.00016941264907866034,0.00024745391540100664,3.54286230064824e-05,5.8050522354313736e-05,0.0074172263501838245,45.0,26.0,52.0,46.0,55.0,53.0,36.0,44.714285714285715
absdiff_Sensor_S1_Sensor_S2,0.006797341448824445,0.09879285312239272,0.0004005524633438802,0.0002611352007304362,0.0002811624826924311,0.00014022290874045052,0.00020415284677130648,74.0,37.0,34.0,44.0,34.0,33.0,57.0,44.714285714285715
ratio_Sensor_S1_Sensor_S2,0.03553972103384837,0.1617466750759804,0.00025888754548002846,0.00024460104022767893,5.7271845117004306e-05,7.002736266853438e-05,0.018266170532798442,62.0,35.0,45.0,47.0,49.0,48.0,28.0,44.857142857142854
sensor_cv,0.41059939335940987,0.2313717222876388,0.00016682348034694053,0.00019940989748721495,2.4963113372235514e-05,4.921439005161066e-05,0.0014936611600111453,18.0,28.0,53.0,55.0,58.0,56.0,46.0,44.857142857142854
Sensor_S4_minus_ambient,0.10307286788119416,0.01083303890272802,0.0002793459048705182,0.0002434310780085616,9.192533417524071e-05,0.0001339895626111587,0.0020739023085176622,43.0,64.0,41.0,48.0,44.0,36.0,44.0,45.714285714285715
sensor_mad,0.0049715702807373325,0.24471854579447783,0.0003137093678986062,0.0003869584650994359,0.0001752741734209262,0.00011578194756232119,0.0,78.0,23.0,38.0,37.0,37.0,41.0,70.5,46.357142857142854
Sensor_S2_dev_from_median,0.14306232199284108,0.20627594163013008,0.0001659046106936255,0.00020138630600681707,5.1859955252675896e-05,4.21164617776415e-05,0.004468019920180194,40.0,30.0,54.0,54.0,50.0,59.0,40.0,46.714285714285715
ratio_Sensor_S2_Sensor_S3,0.06252564143759196,0.23367886908674995,0.00016140354665636063,0.00034919328752919113,7.32038672346356e-06,6.527096133102095e-05,0.0013664366610841021,53.0,27.0,57.0,38.0,64.0,50.0,47.0,48.0
sqrt_t,0.014919566363572877,0.03230809917809907,0.00038497888347708095,0.00022591044772497153,0.00010492191405006068,0.0001332796202557107,0.0006824993460303255,68.0,54.0,35.0,52.0,43.0,37.0,50.0,48.42857142857143
Test_Duration_min,0.011523308499544013,0.01981894950103058,0.0002880495218777018,0.00026086465461954355,4.301436484499582e-05,0.00013638310274869392,0.0015126425156113824,71.0,59.0,40.0,45.0,53.0,34.0,45.0,49.57142857142857
diff_Sensor_S1_Sensor_S3,0.10005590662043337,0.24251659854708807,0.00016216015740850038,0.0005175211067321572,7.700002939381514e-06,4.778955618600644e-05,0.0,44.0,25.0,56.0,36.0,63.0,57.0,70.5,50.214285714285715
diff_Sensor_S2_Sensor_S4,0.20595202195877776,0.05620545089976847,7.447173567032182e-05,0.00010854206316168766,0.0001491019211579087,1.2012282299589395e-05,0.0004054267399274124,27.0,41.0,65.0,65.0,40.0,70.0,52.0,51.42857142857143
Sensor_S4_dev_from_median,0.18189914880717253,0.04668568090228664,5.8124569803027144e-05,0.00014471598638475422,0.00012015845883218465,1.9783465933143064e-05,0.0013048021318492128,30.0,45.0,69.0,60.0,42.0,68.0,49.0,51.857142857142854
log1p_t,0.018625886801357024,0.03447069121687729,0.0004235858212823537,0.0002291075895894713,3.4296741505836914e-05,0.00011103803435600357,0.0,67.0,51.0,32.0,51.0,56.0,44.0,70.5,53.07142857142857
sensor_range,0.18030562560142208,0.04889818378823918,8.038419375707462e-05,0.0001355068571232966,0.0001397009673112359,3.6537162294614237e-05,0.0,33.0,43.0,63.0,62.0,41.0,62.0,70.5,53.5
sensor_var,0.1869323287853756,0.039931782704139884,8.640475729794501e-05,0.00010593559617453565,4.475874960956221e-06,3.9546353586150665e-05,0.0013112719056943684,28.0,48.0,62.0,67.0,68.0,60.0,48.0,54.42857142857143
max_dev_from_median,0.18105459052956246,0.045058906439575885,8.875692975276172e-05,0.00011384221238253618,2.1498270871215604e-05,2.1419423415802717e-05,0.0002592544156491075,31.0,47.0,60.0,64.0,60.0,67.0,54.0,54.714285714285715
diff_Sensor_S1_Sensor_S4,0.16146593894318664,0.02729427727721223,0.00012366932249169068,0.0001396961460882514,1.072619706945917e-05,5.417914000639401e-05,0.0,37.0,57.0,58.0,61.0,62.0,55.0,70.5,57.214285714285715
diff_Sensor_S3_Sensor_S4,0.1808731929514072,0.03474629171710841,7.11078019494508e-05,0.00013115958341280382,1.2990244621539141e-06,2.2141861327129585e-05,0.00022151278497733223,32.0,49.0,67.0,63.0,70.0,66.0,55.0,57.42857142857143
sensor_std,0.17984002370385693,0.04808014526740578,7.81889949450756e-05,0.00010481553281060788,1.60692544592128e-05,3.898327060751772e-05,0.0,34.0,44.0,64.0,69.0,61.0,61.0,70.5,57.642857142857146
absdiff_Sensor_S2_Sensor_S4,0.20620435607306598,0.054309717808394886,7.275360927459283e-05,8.316046455031008e-05,5.649591285445853e-06,2.288013998820171e-05,0.0,26.0,42.0,66.0,72.0,66.0,65.0,70.5,58.214285714285715
absdiff_Sensor_S3_Sensor_S4,0.1824356281070491,0.03429772699339839,5.9368725079248045e-05,0.00010053095829442628,8.735224391445739e-07,2.3956654874002227e-05,0.0,29.0,52.0,68.0,70.0,71.0,64.0,70.5,60.642857142857146
absdiff_Sensor_S1_Sensor_S4,0.16156184205690916,0.02922351767337794,5.750311826091186e-05,0.00010021376584249956,4.509427047556784e-06,1.3506750253511334e-05,0.00013481012770810125,36.0,55.0,70.0,71.0,67.0,69.0,58.0,60.857142857142854
sensor_max,0.007357602424898614,0.014125207258310901,8.836862521352538e-05,0.000157224765505159,6.127949556446598e-05,3.10675100312241e-05,0.0,73.0,62.0,61.0,59.0,48.0,63.0,70.5,62.357142857142854
Sensor_S4,0.0019567471572097196,0.007221762045052316,9.490197773946765e-05,0.00010696443472453994,2.364976018027007e-05,5.809317590590446e-05,0.0,82.0,66.0,59.0,66.0,59.0,52.0,70.5,64.92857142857143
n_sensors_outside_consensus,0.039742656385671,0.0037475986553170415,1.5571713114859183e-05,0.0001891864432930631,1.4932609958126996e-06,4.830711677006327e-07,0.0,58.0,67.0,71.0,56.0,69.0,77.0,70.5,66.92857142857143
n_sensors_missing,0.049142879226628126,0.002109226845661727,1.2736489642721884e-05,2.1046660063729834e-05,0.0,1.0226358811515901e-05,0.0,55.5,69.5,72.0,74.0,77.0,71.0,70.5,69.92857142857143
n_sensors_available,0.049142879226628126,0.002109226845661727,3.159362364877255e-06,3.126173107303601e-05,0.0,2.0790352155408698e-06,0.0,55.5,69.5,76.0,73.0,77.0,74.0,70.5,70.78571428571429
miss_Sensor_S4,0.030437730741722856,0.0024930371364701998,2.2644621921345543e-06,0.00010561288544576404,0.0,3.4088817433053364e-06,0.0,63.0,68.0,77.0,68.0,77.0,73.0,70.5,70.92857142857143
miss_pattern_code,0.04274032675028926,0.0,3.7111017398200753e-06,9.91101381251585e-06,0.0,3.5103627265664626e-06,0.0,57.0,77.5,75.0,76.0,77.0,72.0,70.5,72.14285714285714
miss_Sensor_S2,0.08618351944297982,0.0003989989989976461,8.067939997480528e-08,2.623122865951708e-07,0.0,-1.9868538481127018e-08,0.0,48.0,72.0,78.0,79.0,77.0,82.0,70.5,72.35714285714286
miss_Sensor_S3,0.02246574342316096,0.0,4.350625232771098e-06,2.755809407395503e-06,0.0,1.701743614168638e-06,0.0,65.0,77.5,73.0,77.0,77.0,75.0,70.5,73.57142857142857
miss_Sensor_S1,0.009738831138852603,0.0,4.135759206559284e-06,1.3245091585353623e-05,0.0,1.6042655619719071e-06,0.0,72.0,77.5,74.0,75.0,77.0,76.0,70.5,74.57142857142857
neg_Sensor_S2,0.03804498523909022,0.0,0.0,0.0,0.0,0.0,0.0,59.0,77.5,81.0,82.0,77.0,79.0,70.5,75.14285714285714
zero_Sensor_S1,0.036099801961082936,0.0,1.600214899630073e-09,1.1352053109427947e-08,0.0,-1.3684787891765637e-08,0.0,61.0,77.5,79.0,80.0,77.0,81.0,70.5,75.14285714285714
zero_Sensor_S3,0.02380477558122563,0.0,0.0,3.601799716248812e-07,0.0,0.0,0.0,64.0,77.5,81.0,78.0,77.0,79.0,70.5,75.28571428571429
zero_Sensor_S2,0.004036326041183931,0.0005999999999974914,0.0,5.909911192953623e-09,0.0,0.0,0.0,79.0,71.0,81.0,81.0,77.0,79.0,70.5,76.92857142857143
